{
  "name": "jquery.fancytree",
  "description": "Fancytree is a JavaScript tree view plugin for jQuery with support for persistence, keyboard, checkboxes, drag'n'drop, and lazy loading.",
  "version": "2.11.0",
  "main": [
    "dist/jquery.fancytree-all.min.js"
  ],
  "license": "MIT",
  "ignore": [
    "**/.*",
    "/3rd-party",
    "/archive",
    "/bin",
    "/build",
    "/demo",
    "/doc",
    "/lib",
    "/src",
    "/test",
    "bower.json",
    "CONTRIBUTING.md",
    "fancytree.jquery.json",
    "Gruntfile.coffee",
    "index.html"
  ],
  "keywords": [
    "ajax",
    "jquery-plugin",
    "lazy",
    "table",
    "tabletree",
    "tree",
    "treegrid"
  ],
  "authors": [
    {
      "name": "Martin Wendt",
      "homepage": "http://careers.stackoverflow.com/martin-wendt"
    }
  ],
  "repository": {
    "type": "git",
    "url": "git://github.com/mar10/fancytree.git"
  },
  "dependencies": {
    "jquery": ">=1.7",
    "jquery-ui": ">=1.8.6"
  },
  "devDependencies": {},
  "homepage": "https://github.com/mar10/fancytree",
  "_release": "2.11.0",
  "_resolution": {
    "type": "version",
    "tag": "v2.11.0",
    "commit": "53679a9721b684aa364bfdbfefbca84a37c4efd2"
  },
  "_source": "https://github.com/mar10/fancytree.git",
  "_target": "*",
  "_originalSource": "https://github.com/mar10/fancytree.git"
}