{
  "name": "reneco-fonts",
  "homepage": "https://github.com/NaturalSolutions/RenecoFonts",
  "authors": [
    "ericpringels <eric_pringels@natural-solutions.eu>"
  ],
  "description": "Reneco fonts",
  "keywords": [
    "fonts",
    "reneco",
    "NS"
  ],
  "license": "MIT",
  "main": [
    "demo.html",
    "fonts/",
    "ie7",
    "selection.json",
    "style.css"
  ],
  "_release": "af892dba44",
  "_resolution": {
    "type": "branch",
    "branch": "master",
    "commit": "af892dba44974e24d9723f3aee9a00aa68c84223"
  },
  "_source": "git://github.com/NaturalSolutions/RenecoFonts.git",
  "_target": "*",
  "_originalSource": "reneco-fonts"
}