{
  "name": "pillbox-editor",
  "authors": [
    "amiceli <miceli.antoine@gmail.com>"
  ],
  "main": "dist/pillbox-editor.min.js",
  "license": "MIT",
  "ignore": [
    "**/.*",
    "node_modules",
    "assets/libs",
    "test",
    "tests"
  ],
  "dependencies": {
    "backbone-forms": "~0.14.0",
    "backbone": "~1.1.2",
    "jquery": "~2.1.3",
    "jquery.pillbox.js": "https://github.com/amiceli/jquery.pillbox.js.git"
  },
  "homepage": "https://github.com/amiceli/backbone-forms-pillbox-editor",
  "_release": "4b2d8f258e",
  "_resolution": {
    "type": "branch",
    "branch": "master",
    "commit": "4b2d8f258e5d001c50cb4334bc1f64c9bf634efa"
  },
  "_source": "git://github.com/amiceli/backbone-forms-pillbox-editor.git",
  "_target": "*",
  "_originalSource": "pillbox-editor"
}