{
  "name": "backbone.radio",
  "version": "1.0.1",
  "homepage": "https://github.com/marionettejs/backbone.radio",
  "authors": [
    "Jmeas <jellyes2@gmail.com>"
  ],
  "description": "Messaging patterns for Backbone applications.",
  "main": "build/backbone.radio.js",
  "keywords": [
    "backbone",
    "marionette",
    "decoupled",
    "pubsub",
    "publish",
    "subscribe",
    "messaging",
    "architecture",
    "spa"
  ],
  "license": "MIT",
  "ignore": [
    "**/.*",
    "node_modules",
    "bower_components",
    "test",
    "tests"
  ],
  "dependencies": {
    "backbone": "1.0.0 - 1.2.2",
    "underscore": "1.4.4 - 1.8.3"
  },
  "_release": "1.0.1",
  "_resolution": {
    "type": "version",
    "tag": "1.0.1",
    "commit": "f51c43374979ae94ee8cddeb8ae750209f69385f"
  },
  "_source": "git://github.com/marionettejs/backbone.radio.git",
  "_target": "*",
  "_originalSource": "backbone.radio"
}