{
  "name": "backbone.radio",
  "version": "1.0.0",
  "description": "Messaging patterns for Backbone applications.",
  "main": "./build/backbone.radio.js",
  "scripts": ["./build/backbone.radio.js"],
  "repo": "marionettejs/backbone.radio",
  "license":  "MIT",
  "licenses": [
    {
      "type": "MIT",
      "url": "https://github.com/marionettejs/backbone.radio/blob/master/LICENSE"
    }
  ],
  "author": {
    "name": "Jmeas",
    "email": "jellyes2@gmail.com"
  },
  "dependencies": {
    "jashkenas/backbone": "*",
    "jashkenas/underscore": "*"
  }
}
