{
  "name": "bootstrap-select",
  "main": [
    "less/bootstrap-select.less",
    "dist/css/bootstrap-select.css",
    "dist/js/bootstrap-select.js"
  ],
  "version": "1.7.3",
  "homepage": "http://silviomoreto.github.io/bootstrap-select",
  "authors": [
    "silviomoreto"
  ],
  "keywords": [
    "form",
    "bootstrap",
    "select",
    "replacement"
  ],
  "dependencies": {
    "jquery": ">=1.8"
  },
  "license": "MIT",
  "ignore": [
    ".gitignore",
    "CONTRIBUTING.md",
    "Gruntfile.js",
    "README.md",
    "composer.json",
    "package.json",
    "test.html"
  ],
  "_release": "1.7.3",
  "_resolution": {
    "type": "version",
    "tag": "v1.7.3",
    "commit": "005d84efe1679d3c83f02bcd4a8cc5f89d500afc"
  },
  "_source": "https://github.com/silviomoreto/bootstrap-select.git",
  "_target": "*",
  "_originalSource": "https://github.com/silviomoreto/bootstrap-select.git"
}